Iteration,Total_delivery_times_tsp,Total_delivery_times_cluster,Total_delivery_times_optimize,Total_travel_times_tsp,Total_travel_times_cluster,Total_travel_times_optimize,Total_truck_times_tsp,Total_truck_times_cluster,Total_truck_times_optimize,Total_drone_times_cluster,Total_drone_times_optimize
1,5.631361361127206,2.8356626655719666,2.6493122745094593,2.2146946944605403,2.3356626655719666,2.1493122745094593,2.2146946944605403,1.0701363095924745,1.0167842791482296,1.265526355979492,1.1325279953612297
2,5.513539884674546,2.747917816898486,2.550831796658912,2.0968732180078793,2.247917816898486,2.050831796658912,2.0968732180078793,1.1218599671330052,0.9829547176089019,1.126057849765481,1.0678770790500098
3,5.578698080568101,2.96146757136051,2.96146757136051,2.1620314139014343,2.3781342380271764,2.3781342380271764,2.1620314139014343,1.137040561607704,1.137040561607704,1.2410936764194724,1.2410936764194724
4,5.5942558855077955,2.7811750881767665,2.500314940172025,2.177589218841129,2.2811750881767665,2.000314940172025,2.177589218841129,1.0017383898405414,0.8590710857561557,1.279436698336225,1.1412438544158694
5,5.490245962747979,2.5050350826226175,2.5050350826226175,2.073579296081312,2.0050350826226175,2.0050350826226175,2.073579296081312,0.9347476612355248,0.9347476612355248,1.0702874213870925,1.0702874213870925
