Hours,Delivery_times
8,2.92851857598211
9,3.205172488617026
10,2.835969591225472
11,3.0270826718300308
12,2.774607220011131
13,3.1192667724081704
14,3.0318507370178045
15,2.9377633866146007
16,4.1047469336715485
17,3.532291357726039
18,3.2546032997079664
19,3.0340190034264856
20,2.8916934281740287
21,2.7189053568872823
22,2.7068169699372944
